 track_id, acousticness, danceability, energy, instrumentalness, liveness, loudness, speechiness, tempo, time_signature
1,0.477,0.674,0.23,2.18E-05,0.908,-18.014,0.0486,122.018,4
2,0.22,0.545,0.654,3.30E-05,0.693,-14.689,0.0493,96.094,4
3,0.0412,0.543,0.435,0,0.682,-13.398,0.0297,101.193,4
4,0.0244,0.518,0.554,2.89E-06,0.721,-14.61,0.0367,138.088,4
5,0.0575,0.524,0.359,2.48E-05,0.691,-15.021,0.0357,116.681,4
6,0.346,0.41,0.332,0,0.673,-15.382,0.0486,132.768,4
7,0.26,0.582,0.443,0.000112,0.696,-15.906,0.0405,87.07,4
8,0.302,0.51,0.181,0,0.715,-18.15,0.0552,108.986,4
9,0.0364,0.664,0.575,0.00458,0.687,-13.538,0.0637,109.009,4
10,0.124,0.603,0.514,0,0.677,-13.941,0.0351,96.042,4
11,0.0528,0.487,0.627,5.17E-06,0.764,-14.515,0.0442,93.191,4
12,0.692,0.456,0.109,0.00218,0.712,-17.002,0.0505,114.759,4
13,0.918,0.467,0.104,0.00029,0.706,-20.923,0.0362,144.504,4
14,0.205,0.451,0.563,0.132,0.247,-15.259,0.0461,178.183,4
15,0.144,0.452,0.262,0.000593,0.717,-17.592,0.0351,72.258,4
16,0.249,0.649,0.586,0,0.704,-14.173,0.112,87.056,4
17,0.122,0.695,0.502,0.00284,0.881,-13.783,0.044,123.111,4
18,0.565,0.58,0.261,1.47E-05,0.701,-16.814,0.0352,132.05,4
19,0.0375,0.528,0.471,0,0.939,-13.378,0.0313,87.02,4
20,0.387,0.514,0.392,0.00279,0.71,-16.902,0.0386,75.909,4
21,0.105,0.653,0.238,0.000501,0.111,-14.374,0.0549,122.705,4
22,0.269,0.689,0.531,1.25E-05,0.14,-9.669,0.056,139.923,4
23,0.182,0.554,0.377,0,0.103,-9.712,0.0302,113.75,4
24,0.026,0.66,0.675,0,0.0656,-7.909,0.245,191.92,4
25,0.00142,0.693,0.482,0.00993,0.386,-11.443,0.0506,119.934,4
26,0.121,0.685,0.446,0.00307,0.181,-9.966,0.0452,100.012,4
27,0.691,0.397,0.264,1.22E-06,0.0777,-12.758,0.0322,151.954,4
28,0.563,0.703,0.298,0,0.0994,-11.828,0.0581,132.811,4
29,0.251,0.686,0.413,0,0.112,-10.264,0.0403,93.069,4
30,0.321,0.722,0.63,0.000117,0.117,-9.081,0.0788,176.037,4
31,0.916,0.413,0.114,1.55E-06,0.103,-14.113,0.0392,110.632,4
32,0.721,0.537,0.383,2.62E-05,0.103,-10.979,0.0313,75.022,4
33,0.871,0.34,0.0307,0.000117,0.108,-16.542,0.043,100.099,3
34,0.637,0.574,0.428,0,0.943,-11.525,0.038,124.335,4
35,0.518,0.473,0.309,2.98E-06,0.918,-14.34,0.0334,90.889,4
36,0.615,0.468,0.468,0,0.67,-10.046,0.0303,95.065,4
37,0.884,0.538,0.17,1.05E-05,0.936,-17.488,0.0326,147.887,4
38,0.101,0.767,0.482,1.75E-06,0.818,-13.39,0.103,118.77,4
39,0.82,0.534,0.131,0,0.931,-15.853,0.0506,75.805,4
40,0.925,0.407,0.115,0.000197,0.664,-18.693,0.0334,160.131,4
41,0.633,0.463,0.399,0,0.953,-11.261,0.03,89.21,4
42,0.411,0.605,0.595,0,0.949,-10.357,0.0618,118.568,4
43,0.767,0.453,0.149,0,0.938,-13.649,0.0396,153.32,4
44,0.374,0.418,0.676,0,0.895,-10.771,0.0836,101.731,4
45,0.372,0.552,0.542,0,0.687,-9.71,0.0357,103.524,4
46,0.337,0.586,0.507,0,0.853,-8.508,0.0306,94.541,4
47,0.88,0.35,0.0652,4.90E-06,0.784,-18.219,0.0444,140.502,4
48,0.18,0.703,0.661,7.19E-06,0.118,-6.369,0.0296,101.967,4
49,0.0582,0.772,0.588,1.79E-06,0.335,-7.201,0.0314,90.034,4
50,0.255,0.653,0.557,0.000331,0.105,-7.339,0.0274,97.997,4
51,0.615,0.68,0.413,0.0296,0.105,-13.575,0.0295,149.944,4
52,0.695,0.91,0.572,0.0244,0.093,-8.987,0.0326,112.007,4
53,0.405,0.634,0.489,0.00819,0.097,-9.325,0.0279,93.969,4
54,0.604,0.797,0.558,0.000425,0.114,-9.582,0.0339,122.964,4
55,0.64,0.611,0.496,0.000296,0.116,-9.161,0.0297,146.034,4
56,0.874,0.473,0.157,5.68E-05,0.104,-14.724,0.0282,81.188,4
57,0.0608,0.784,0.75,0.000112,0.328,-7.17,0.0383,127.012,4
58,0.801,0.496,0.0553,0,0.112,-16.12,0.0432,144.774,4
59,0.471,0.76,0.536,1.81E-06,0.139,-9.217,0.0305,124.902,4
60,0.331,0.724,0.6,0,0.067,-5.163,0.0308,137.027,4
61,0.00127,0.573,0.529,0,0.298,-4.913,0.0353,77.984,4
62,0.869,0.685,0.093,0,0.103,-15.233,0.054,83.538,4
63,0.675,0.509,0.417,0.332,0.0506,-9.503,0.0268,143.438,4
64,0.019,0.541,0.524,0,0.112,-6.478,0.0264,94.923,4
65,0.829,0.371,0.307,0.263,0.105,-15.524,0.0292,176.581,4
66,0.829,0.667,0.372,0.569,0.106,-12.136,0.0321,132.886,4
67,0.194,0.555,0.486,5.32E-06,0.133,-10.718,0.0379,139.981,4
68,0.791,0.305,0.282,1.76E-06,0.108,-10.255,0.0295,79.756,4
69,0.42,0.53,0.549,0.0426,0.125,-11.703,0.0441,79.605,4
70,0.477,0.829,0.49,3.78E-05,0.109,-10.581,0.0301,104.041,4
71,0.406,0.719,0.598,0.0164,0.158,-8.099,0.0377,139.976,4
72,0.865,0.58,0.134,0.00884,0.109,-15.683,0.04,124.079,4
73,0.829,0.667,0.372,0.569,0.106,-12.136,0.0321,132.886,4
74,0.0945,0.268,0.406,0.141,0.112,-11.242,0.0299,95.264,4
75,0.904,0.706,0.215,0.889,0.103,-20.369,0.0428,103.165,4
76,0.609,0.61,0.485,0.0138,0.125,-9.766,0.0384,87.933,4
77,0.293,0.68,0.647,0.00259,0.148,-8.4,0.0313,145.953,4
78,0.334,0.683,0.547,0.000399,0.116,-9.55,0.0246,95.036,4
79,0.884,0.583,0.0826,2.09E-05,0.0945,-14.617,0.0571,78.899,4
80,0.829,0.371,0.307,0.263,0.105,-15.524,0.0292,176.581,4
81,0.00703,0.525,0.762,0.0106,0.0733,-5.299,0.0365,132.969,4
82,0.323,0.431,0.671,0.000636,0.129,-6.852,0.0369,141.984,4
83,0.816,0.594,0.347,0.832,0.152,-12.105,0.0266,112.205,4
84,0.263,0.43,0.591,0.736,0.56,-7.167,0.0292,78.426,4
85,0.0733,0.565,0.675,5.52E-05,0.0916,-6.156,0.0354,126.472,4
86,0.675,0.509,0.417,0.332,0.0506,-9.503,0.0268,143.438,4
87,0.00412,0.555,0.711,0.393,0.121,-6.084,0.0261,111.074,4
88,0.139,0.345,0.471,0.0105,0.0976,-8.006,0.0296,145.878,4
89,0.391,0.481,0.532,0.0125,0.1,-6.215,0.0286,75.998,4
90,0.859,0.603,0.163,0.087,0.111,-16.141,0.0307,110.716,4
91,0.0162,0.767,0.482,0,0.0968,-6.653,0.0368,114.964,4
92,0.00111,0.561,0.532,0,0.0904,-4.949,0.0341,155.913,4
93,0.0194,0.526,0.522,0,0.109,-6.473,0.0266,94.956,4
94,0.474,0.763,0.535,2.46E-06,0.136,-9.196,0.0304,124.853,4
95,0.341,0.716,0.597,0,0.0503,-5.152,0.0341,137.127,4
96,0.00743,0.727,0.721,3.39E-06,0.0821,-7.064,0.0308,104.015,4
97,0.749,0.785,0.487,0.000134,0.13,-8.456,0.0332,108.052,4
98,0.156,0.811,0.442,1.23E-06,0.161,-8.374,0.0318,115.021,4
99,0.866,0.705,0.0923,0,0.105,-15.274,0.0517,83.725,4
100,0.164,0.441,0.592,0.0193,0.126,-8.7,0.0297,200.055,4
101,0.69,0.722,0.43,0.000739,0.128,-10.002,0.0257,128.955,4
102,0.019,0.769,0.494,2.45E-06,0.0943,-6.633,0.04,114.954,4
103,0.00127,0.573,0.529,0,0.298,-4.913,0.0353,77.984,4
104,0.019,0.541,0.524,0,0.112,-6.478,0.0264,94.923,4
105,0.471,0.76,0.536,1.81E-06,0.139,-9.217,0.0305,124.902,4
106,0.331,0.724,0.6,0,0.067,-5.163,0.0308,137.025,4
107,0.00744,0.727,0.723,3.27E-06,0.0789,-7.034,0.0304,104.018,4
108,0.743,0.788,0.472,0.00018,0.12,-8.463,0.0337,108.052,4
109,0.123,0.807,0.453,2.01E-06,0.12,-8.406,0.0325,115.007,4
110,0.869,0.685,0.093,0,0.103,-15.233,0.054,83.538,4
111,0.186,0.444,0.578,0.0184,0.126,-8.703,0.0293,200.13,4
112,0.718,0.736,0.435,0.000899,0.139,-9.945,0.0259,128.982,4
113,0.0204,0.492,0.81,0,0.68,-6.604,0.0565,102.099,4
114,0.52,0.617,0.635,3.86E-05,0.706,-6.999,0.0391,144.072,4
115,0.554,0.719,0.614,2.49E-05,0.718,-7.965,0.0333,115.046,4
116,0.489,0.621,0.764,2.99E-05,0.708,-6.02,0.034,92.041,4
117,0.404,0.273,0.678,7.04E-06,0.702,-6.427,0.0531,188.337,4
118,0.76,0.607,0.655,0,0.699,-6.491,0.0304,98.976,4
119,0.432,0.514,0.635,5.78E-05,0.711,-7.889,0.052,140.893,4
120,0.47,0.355,0.595,4.53E-05,0.706,-7.357,0.0421,165.965,4
121,0.505,0.397,0.486,0,0.702,-7.756,0.0316,76.8,4
122,0.236,0.532,0.629,0,0.709,-6.45,0.0355,91.75,4
123,0.958,0.471,0.101,7.15E-05,0.111,-15.403,0.0522,95.191,5
124,0.883,0.453,0.33,2.16E-05,0.0987,-11.25,0.0323,185.89,4
125,0.938,0.541,0.118,0,0.12,-15.338,0.0547,140.155,4
126,0.919,0.437,0.0842,0,0.0956,-13.517,0.0329,97.492,4
127,0.956,0.486,0.139,9.74E-06,0.364,-14.85,0.0419,88.234,4
128,0.943,0.37,0.195,0,0.151,-9.027,0.0338,74.018,4
129,0.925,0.563,0.0896,0,0.125,-12.725,0.0381,74.852,4
130,0.927,0.429,0.164,0,0.119,-10.269,0.028,90.564,4
131,0.386,0.615,0.587,0,0.0837,-8.866,0.0283,101.929,4
132,0.633,0.735,0.372,0,0.108,-9.849,0.0382,143.928,4
133,0.635,0.779,0.372,0.000167,0.114,-10.136,0.0333,113.921,4
134,0.434,0.786,0.555,0,0.0878,-8.86,0.0842,92.012,4
135,0.486,0.442,0.292,2.84E-06,0.0899,-8.041,0.0295,94.154,4
136,0.772,0.694,0.38,0,0.108,-7.244,0.0271,99.078,4
137,0.61,0.607,0.308,0.0013,0.218,-10.268,0.0359,139.013,4
138,0.899,0.425,0.155,0,0.104,-10.947,0.0423,167.615,4
139,0.369,0.723,0.498,0,0.13,-8.264,0.0458,147.786,4
140,0.272,0.645,0.468,0,0.159,-6.574,0.0317,92.192,4
141,0.806,0.425,0.449,0.00782,0.0812,-12.323,0.0535,159.825,4
142,0.925,0.412,0.225,4.73E-05,0.064,-15.138,0.0566,85.902,4
143,0.636,0.426,0.374,0.00286,0.125,-11.909,0.0326,147.972,3
144,0.945,0.425,0.226,0.000385,0.0859,-13.404,0.0417,134.431,4
145,0.707,0.542,0.244,1.79E-06,0.0779,-11.935,0.224,136.584,4
146,0.886,0.577,0.246,0.000229,0.155,-13.287,0.0987,179.951,4
147,0.625,0.506,0.416,0,0.097,-11.558,0.284,191.457,4
148,0.0532,0.523,0.881,0.000167,0.88,-8.99,0.113,121.222,4
149,0.00604,0.466,0.68,1.29E-05,0.691,-8.086,0.0477,131.768,4
150,0.102,0.728,0.725,3.21E-05,0.913,-8.744,0.0703,120.912,4
151,0.0649,0.692,0.663,2.86E-05,0.515,-7.773,0.0412,111.386,4
152,0.0364,0.446,0.36,2.10E-06,0.171,-11.42,0.0443,104.435,3
153,0.0124,0.499,0.605,0.00221,0.375,-9.568,0.0425,88.134,4
154,0.0192,0.553,0.674,1.73E-06,0.607,-10.169,0.0704,120.931,4
155,0.0358,0.599,0.944,0.00166,0.508,-6.215,0.06,127.585,4
156,0.041,0.655,0.858,0.00876,0.291,-7.488,0.0591,131.238,4
157,0.203,0.552,0.172,2.60E-06,0.578,-17.756,0.0566,136.63,3
158,0.224,0.599,0.794,0.000518,0.678,-9.395,0.05,103.935,4
159,0.195,0.423,0.522,0,0.75,-11.244,0.107,99.166,4
160,0.426,0.628,0.74,7.25E-05,0.128,-8.949,0.0929,145.881,4
161,0.104,0.575,0.481,0.00155,0.339,-10.853,0.0524,112.438,4
162,0.00635,0.325,0.84,3.58E-06,0.949,-8.185,0.149,166.01,4
163,0.000319,0.471,0.955,4.63E-05,0.25,-7.602,0.0583,129.449,4
164,0.00066,0.342,0.855,0.0117,0.151,-8.472,0.106,189.522,4
165,0.00657,0.372,0.487,1.02E-05,0.734,-10.203,0.0749,141.507,4
166,0.102,0.67,0.812,0.0111,0.681,-8.403,0.0373,129.693,4
167,0.0292,0.521,0.918,3.81E-05,0.642,-7.825,0.189,163.414,4
168,0.0172,0.351,0.933,2.74E-06,0.625,-7.803,0.131,177.428,4
169,0.107,0.567,0.935,0,0.673,-6.334,0.0892,102.984,4
170,0.00326,0.316,0.909,0.000344,0.366,-7.538,0.144,172.627,4
171,0.832,0.393,0.182,0,0.2,-18.412,0.0405,98.38,4
172,0.191,0.729,0.855,1.33E-06,0.973,-7.716,0.0444,135.202,4
173,0.663,0.856,0.507,0,0.16,-9.175,0.136,107.15,4
174,0.294,0.842,0.643,0,0.157,-8.523,0.0325,120.16,4
175,0.306,0.598,0.647,0,0.205,-7.498,0.0304,146.132,4
176,0.151,0.546,0.853,7.14E-05,0.632,-8.063,0.053,104.023,3
177,0.38,0.561,0.314,0,0.107,-8.51,0.0294,146.095,4
178,0.154,0.566,0.912,0,0.0822,-6.965,0.0468,109.991,4
179,0.846,0.524,0.374,2.31E-05,0.112,-8.405,0.0293,65.664,4
180,0.758,0.514,0.706,0,0.931,-7.022,0.0343,139.461,4
181,0.205,0.338,0.733,0,0.063,-7.198,0.0531,86.081,4
182,0.222,0.664,0.65,0,0.106,-6.959,0.0296,135.019,4
183,0.101,0.729,0.589,0,0.156,-8.576,0.299,170.192,3
184,0.115,0.391,0.583,0,0.905,-8.765,0.0651,98.565,4
185,0.667,0.719,0.814,0,0.0891,-6.242,0.0734,167.965,4
186,0.0388,0.778,0.63,2.32E-06,0.0853,-9.246,0.111,131.204,4
187,0.483,0.594,0.317,2.35E-05,0.123,-11.267,0.0319,136.493,4
188,0.0933,0.267,0.796,1.46E-06,0.893,-7.203,0.0602,204.685,3
189,0.000625,0.612,0.611,0.000299,0.113,-6.412,0.0461,118.23,3
190,0.0458,0.423,0.454,0,0.102,-7.715,0.0361,131.365,3
191,0.583,0.481,0.731,0,0.472,-6.855,0.0849,116.721,4
192,0.946,0.416,0.15,3.30E-05,0.0991,-10.026,0.0463,69.961,4
193,0.958,0.477,0.0905,2.31E-06,0.111,-12.78,0.0319,95.921,3
194,0.851,0.577,0.229,3.12E-05,0.0886,-10.009,0.039,123.463,3
195,0.924,0.438,0.112,1.88E-06,0.107,-11.529,0.0338,132.621,5
196,0.975,0.541,0.121,0,0.114,-10.61,0.0488,105.78,4
197,0.972,0.581,0.142,0,0.108,-11.328,0.0602,117.779,3
198,0.931,0.425,0.133,0,0.0962,-11.515,0.0656,232.969,4
199,0.949,0.487,0.117,1.75E-05,0.108,-11.236,0.0406,131.17,4
200,0.972,0.385,0.065,0,0.121,-10.812,0.0388,165.844,3
201,0.985,0.474,0.0235,0,0.0997,-12.737,0.0478,132.312,4
202,0.831,0.681,0.442,0,0.969,-8.328,0.109,106.657,4
203,0.926,0.585,0.21,0.000545,0.271,-15.949,0.0387,77.655,3
204,0.912,0.592,0.2,1.75E-06,0.381,-12.438,0.0429,119.387,3
205,0.879,0.423,0.263,0,0.528,-11.61,0.035,109.12,5
206,0.841,0.337,0.302,0,0.582,-10.453,0.0308,158.869,3
207,0.801,0.437,0.363,0,0.684,-11.937,0.0417,129.929,3
208,0.91,0.424,0.181,2.37E-05,0.695,-12.177,0.061,77.954,4
209,0.898,0.505,0.156,8.46E-05,0.428,-14.425,0.0994,102.85,3
210,0.843,0.385,0.49,3.79E-06,0.607,-10.484,0.0277,94.218,4
211,0.893,0.476,0.318,2.07E-06,0.171,-10.156,0.0251,93.782,4
212,0.792,0.702,0.221,0.946,0.457,-17.54,0.0725,134.631,3
213,0.805,0.392,0.382,0,0.608,-8.772,0.0335,155.988,4
214,0.931,0.442,0.117,7.68E-06,0.695,-13.184,0.039,77.558,3
215,0.916,0.556,0.197,0,0.691,-12.395,0.107,130.734,3
216,0.935,0.623,0.323,0,0.734,-9.441,0.106,107.83,4
217,0.819,0.596,0.321,0,0.582,-9.341,0.322,180.214,3
218,0.827,0.581,0.446,0,0.963,-8.225,0.116,99.224,4
219,0.926,0.585,0.21,0.000545,0.271,-15.949,0.0387,77.655,3
220,0.902,0.588,0.207,2.21E-06,0.401,-12.348,0.0451,119.407,3
221,0.884,0.348,0.271,0,0.57,-11.433,0.0425,163.722,4
222,0.866,0.344,0.307,0,0.576,-10.3,0.0315,157.4,3
223,0.801,0.437,0.363,0,0.684,-11.937,0.0417,129.929,3
224,0.91,0.426,0.18,2.37E-05,0.698,-12.177,0.0602,78.518,4
225,0.903,0.512,0.163,0.000111,0.6,-14.068,0.0644,141.71,4
226,0.85,0.353,0.45,0,0.537,-10.268,0.0292,93.529,4
227,0.866,0.489,0.318,4.60E-06,0.163,-10.015,0.0253,93.488,4
228,0.81,0.697,0.219,0.949,0.411,-17.802,0.0771,134.765,3
229,0.815,0.418,0.384,0,0.649,-8.561,0.033,156.388,4
230,0.941,0.415,0.118,1.29E-05,0.692,-12.98,0.042,166.844,3
231,0.916,0.556,0.197,0,0.691,-12.395,0.107,130.734,3
232,0.935,0.624,0.323,0,0.734,-9.441,0.107,107.83,4
233,0.832,0.813,0.326,0,0.577,-9.436,0.131,119.844,4
234,0.709,0.461,0.426,3.76E-05,0.348,-11.47,0.0311,102.601,4
235,0.187,0.203,0.461,0,0.191,-5.881,0.0302,81.018,4
236,0.689,0.701,0.87,0,0.0969,-5.546,0.0664,167.992,4
237,0.216,0.585,0.716,0,0.195,-5.56,0.0311,145.855,4
238,0.628,0.497,0.766,3.88E-06,0.797,-7.515,0.0401,97.015,4
239,0.47,0.31,0.645,0,0.831,-5.955,0.0316,168.682,4
240,0.2,0.482,0.948,0,0.141,-5.121,0.0655,110.141,4
241,0.129,0.529,0.632,0.00158,0.0463,-4.39,0.0382,112.351,4
242,0.21,0.333,0.587,0,0.0774,-6.983,0.0286,91.176,4
243,0.362,0.837,0.672,0,0.291,-8.091,0.0319,120.155,4
244,0.0486,0.68,0.831,0.0524,0.364,-4.613,0.0431,108.013,4
245,0.343,0.402,0.813,0.000334,0.111,-6.496,0.0364,131.333,4
246,0.026,0.541,0.821,2.23E-06,0.0819,-5.145,0.0783,101.953,4
247,0.906,0.303,0.577,0,0.0935,-8.366,0.0284,89.856,4
248,0.101,0.218,0.819,0.00514,0.902,-7.127,0.0915,160.973,4
249,0.166,0.475,0.931,0,0.975,-6.962,0.176,144.953,4
250,0.392,0.381,0.886,0.00146,0.815,-7.746,0.202,80.155,3
251,0.212,0.388,0.882,1.38E-06,0.696,-7.109,0.156,142.211,4
252,0.0798,0.546,0.921,5.71E-05,0.983,-6.657,0.122,123.601,4
253,0.113,0.221,0.699,2.90E-05,0.947,-7.508,0.047,69.739,4
254,0.125,0.31,0.895,5.79E-06,0.943,-7.588,0.269,134.746,4
255,0.139,0.496,0.96,0.00265,0.703,-5.787,0.0918,118.562,4
256,0.251,0.312,0.747,1.72E-05,0.518,-5.991,0.0553,140.771,4
257,0.123,0.406,0.953,0,0.611,-5.396,0.226,129.503,4
258,0.0576,0.355,0.941,9.64E-06,0.238,-5.971,0.103,94.095,4
259,0.0217,0.284,0.977,0.000709,0.958,-4.464,0.0833,79.162,4
260,0.00283,0.339,0.973,0.00189,0.974,-5.35,0.173,126.075,4
261,0.145,0.722,0.884,1.24E-06,0.981,-6.331,0.0455,135.233,4
262,0.502,0.228,0.396,0,0.166,-8.353,0.031,80.072,4
263,0.274,0.843,0.678,0,0.242,-7.777,0.0308,120.168,4
264,0.651,0.854,0.54,0,0.168,-7.866,0.145,107.2,4
265,0.836,0.503,0.551,0,0.95,-8.493,0.0404,100.39,3
266,0.135,0.645,0.727,1.38E-06,0.0958,-7.493,0.0523,91.472,4
267,0.504,0.33,0.601,0,0.984,-7.428,0.0339,167.29,4
268,0.215,0.573,0.754,0,0.0592,-6.689,0.0427,86.003,4
269,0.148,0.58,0.985,0,0.975,-1.087,0.213,102.436,4
270,0.38,0.55,0.33,0,0.107,-8.559,0.0289,146.007,4
271,0.179,0.558,0.947,0,0.107,-4.424,0.058,110.078,4
272,0.162,0.696,0.665,0,0.0507,-6.586,0.0403,112.43,4
273,0.00475,0.454,0.52,6.82E-05,0.173,-7.172,0.0416,111.017,3
274,0.000676,0.407,0.835,0.18,0.129,-7.022,0.0481,163.507,4
275,0.107,0.808,0.774,0.000208,0.0448,-8.102,0.0661,95.086,4
276,0.232,0.591,0.736,0,0.205,-4.735,0.0296,145.917,4
277,0.131,0.684,0.907,4.98E-05,0.531,-4.459,0.0435,142.527,4
278,0.719,0.551,0.331,0.000431,0.112,-11.336,0.0539,106.891,4
279,0.679,0.724,0.842,0,0.0919,-5.061,0.0701,167.94,4
280,0.00914,0.596,0.976,0.00224,0.933,-4.811,0.0875,128.645,4
281,0.676,0.513,0.707,0,0.638,-7.979,0.0357,97.116,4
282,0.0756,0.799,0.3,0,0.0694,-8.543,0.0372,117.408,4
283,0.419,0.353,0.849,0,0.498,-5.169,0.312,166.072,4
284,0.274,0.299,0.554,0,0.132,-7.947,0.0343,131.837,3
285,0.589,0.502,0.738,0,0.455,-6.888,0.0805,116.976,4
286,0.0907,0.738,0.569,0,0.156,-8.701,0.296,170.239,3
287,0.037,0.578,0.731,0.000125,0.152,-7.589,0.143,176.162,3
288,0.32,0.613,0.642,0.00085,0.254,-8.158,0.269,106.652,4
289,0.126,0.44,0.948,0,0.0853,-5.27,0.0817,110.127,4
290,0.483,0.103,0.447,0,0.169,-7.08,0.0342,166.845,4
291,0.0383,0.646,0.587,0,0.12,-5.741,0.0686,139.49,4
292,0.355,0.302,0.718,7.58E-05,0.209,-4.908,0.0417,115.782,4
293,0.146,0.167,0.39,7.43E-05,0.12,-6.697,0.0303,150.461,4
294,0.0226,0.491,0.826,0,0.0719,-4.629,0.0715,101.781,4
295,0.707,0.274,0.475,0,0.279,-6.787,0.0277,94.041,4
296,0.333,0.276,0.596,0,0.105,-6.601,0.0345,131.736,3
297,0.816,0.459,0.427,4.46E-05,0.125,-8.101,0.0325,112.232,4
298,0.266,0.639,0.632,0.0131,0.27,-9.98,0.133,106.317,4
299,0.14,0.566,0.927,0,0.117,-5.923,0.0509,110.131,4
300,0.537,0.19,0.352,0,0.165,-10.434,0.0308,49.286,5
301,0.0594,0.704,0.49,3.56E-05,0.0881,-6.944,0.077,139.385,4
302,0.393,0.262,0.656,0.000183,0.247,-6.617,0.0725,58.581,4
303,0.192,0.65,0.855,0,0.0613,-6.06,0.0707,103.884,4
304,0.135,0.211,0.312,7.70E-06,0.187,-10.13,0.0293,149.959,4
305,0.0325,0.609,0.809,2.37E-06,0.0661,-5.219,0.09,101.905,4
306,0.751,0.278,0.369,0,0.259,-10.216,0.0279,95.244,3
307,0.291,0.295,0.531,0,0.134,-9.181,0.034,131.751,3
308,0.822,0.479,0.346,2.74E-05,0.107,-11.459,0.0357,112.219,4
309,0.339,0.348,0.393,0,0.947,-11.108,0.0392,108.448,3
310,0.281,0.673,0.921,0,0.768,-6.532,0.101,135.261,4
311,0.67,0.666,0.896,2.99E-06,0.149,-8.386,0.12,130.093,4
312,0.701,0.662,0.861,0,0.688,-7.166,0.19,100.33,4
313,0.334,0.718,0.743,0,0.604,-8.014,0.281,144.343,4
314,0.538,0.32,0.878,0,0.665,-5.771,0.0909,170.064,4
315,0.633,0.499,0.731,0,0.742,-7.974,0.0392,97.097,4
316,0.495,0.516,0.452,0,0.88,-8.524,0.0541,102.929,3
317,0.686,0.556,0.275,0,0.696,-12.969,0.0619,78.503,4
318,0.63,0.402,0.405,0,0.71,-10.719,0.0459,143.143,4
319,0.53,0.3,0.7,0,0.186,-6.567,0.036,165.642,4
320,0.533,0.424,0.713,0,0.741,-7.406,0.049,151.281,4
321,0.544,0.588,0.764,3.48E-06,0.698,-9.266,0.154,105.903,3
322,0.238,0.617,0.872,0,0.758,-7.388,0.125,102.037,4
323,0.66,0.637,0.897,0,0.612,-7.467,0.307,175.106,4
324,0.468,0.655,0.914,7.67E-06,0.719,-6.678,0.073,164.318,4
325,0.4,0.558,0.892,4.78E-06,0.801,-5.996,0.218,152.781,4
326,0.00557,0.458,0.946,2.86E-06,0.983,-4.38,0.0722,114.566,4
327,0.000427,0.584,0.915,0.00311,0.964,-7.536,0.071,128.474,4
328,0.00176,0.382,0.855,0.225,0.1,-6.539,0.0667,163.724,4
329,0.0937,0.602,0.527,3.56E-05,0.19,-8.373,0.0486,104.154,4
330,0.00116,0.566,0.84,0.0153,0.886,-9.092,0.0665,102.558,4
331,0.316,0.557,0.948,1.14E-05,0.31,-5.172,0.134,90.205,4
332,0.0162,0.728,0.752,0.00632,0.0749,-9.149,0.0481,125.629,4
333,0.134,0.266,0.784,1.44E-06,0.976,-7.737,0.0613,205.979,3
334,0.0131,0.523,0.823,4.24E-06,0.363,-4.1,0.0381,169.699,4
335,0.00365,0.559,0.832,0.00141,0.0624,-8.404,0.112,120.648,4
336,0.0522,0.355,0.559,0.0428,0.702,-10.589,0.048,132.597,4
337,0.0948,0.629,0.626,0,0.216,-6.563,0.0292,133.237,4
338,0.218,0.503,0.794,0,0.265,-4.228,0.0336,145.888,4
339,0.0976,0.68,0.795,0,0.155,-4.073,0.0288,119.99,4
340,0.601,0.801,0.604,0,0.193,-6.781,0.115,106.998,4
341,0.00704,0.408,0.888,0,0.279,-3.253,0.0467,169.704,4
342,0.624,0.637,0.91,0,0.115,-3.651,0.0589,168.029,4
343,0.253,0.392,0.47,0,0.112,-4.975,0.0305,71.803,4
344,0.51,0.744,0.949,0,0.0705,-4.478,0.163,87.121,4
345,0.212,0.384,0.514,0,0.121,-5.895,0.0351,179.637,4
346,0.0257,0.602,0.869,0.000868,0.311,-3.812,0.0476,107.938,4
347,0.508,0.511,0.439,0,0.0945,-8.106,0.0297,119.946,3
348,0.168,0.506,0.655,0,0.0742,-5.547,0.0265,91.121,4
349,0.386,0.606,0.552,1.93E-05,0.102,-5.078,0.0315,103.797,4
350,0.0033,0.431,0.928,8.15E-06,0.755,-6.624,0.142,116.857,4
351,0.00129,0.474,0.919,0.000546,0.542,-5.945,0.104,81.551,4
352,0.00277,0.594,0.857,0,0.715,-6.906,0.0775,121.537,4
353,0.000345,0.519,0.922,0.00058,0.95,-6.401,0.104,128.621,4
354,0.575,0.584,0.851,9.37E-06,0.642,-6.234,0.202,144.219,4
355,0.152,0.511,0.596,9.52E-05,0.61,-8.275,0.0785,113.815,4
356,0.138,0.55,0.859,0.000138,0.607,-8.052,0.0518,104.198,3
357,0.122,0.421,0.612,3.25E-06,0.96,-9.02,0.066,97.759,4
358,0.108,0.297,0.383,1.59E-05,0.749,-10.524,0.039,84.002,3
359,0.0417,0.556,0.876,1.20E-06,0.826,-7.483,0.117,131.215,4
360,0.00203,0.273,0.882,2.17E-05,0.659,-7.334,0.288,166.149,4
361,0.001,0.546,0.908,0.00025,0.677,-6.863,0.17,102.252,4
362,0.0012,0.38,0.938,0,0.78,-6.6,0.206,88.236,4
363,0.811,0.365,0.428,0,0.953,-11.101,0.0384,94.667,4
364,0.187,0.583,0.651,0,0.0637,-9.85,0.037,86.044,4
365,0.723,0.591,0.131,0.0014,0.143,-21.124,0.0642,107.084,4
366,0.262,0.853,0.483,0,0.152,-12.642,0.0339,120.139,4
367,0.847,0.515,0.26,5.13E-05,0.104,-13.164,0.0316,132.027,4
368,0.256,0.523,0.394,0,0.0481,-10.649,0.0375,103.054,4
369,0.00982,0.455,0.429,3.28E-05,0.112,-11.369,0.0486,111.045,3
370,0.0363,0.675,0.505,0,0.0863,-11.336,0.202,109.002,4
371,0.837,0.525,0.395,0,0.946,-14.305,0.0409,101.097,3
372,0.107,0.671,0.528,5.37E-06,0.0804,-11.72,0.0402,91.469,4
373,0.77,0.502,0.513,0,0.936,-14.326,0.0474,139.473,4
374,0.137,0.501,0.593,0.000158,0.0854,-12.978,0.267,188.741,4
375,0.171,0.711,0.488,7.50E-06,0.0506,-12.071,0.0357,112.285,4
376,0.12,0.807,0.188,0,0.0905,-12.721,0.0427,117.728,4
377,0.124,0.645,0.518,0,0.117,-9.874,0.0292,133.238,4
378,0.00651,0.535,0.866,6.94E-05,0.0661,-6.62,0.134,119.825,4
379,0.0018,0.552,0.565,6.32E-05,0.169,-7.877,0.0431,118.531,3
380,0.0421,0.803,0.579,2.75E-05,0.232,-8.291,0.0556,116.252,4
381,0.00234,0.356,0.901,0.0587,0.154,-6.479,0.157,177.008,4
382,0.00891,0.467,0.558,6.10E-06,0.128,-7.25,0.0373,111.014,3
383,0.143,0.689,0.636,0.000232,0.221,-9.244,0.0784,148.019,4
384,0.052,0.725,0.8,0.000995,0.197,-7.329,0.0587,125.489,4
385,0.00929,0.61,0.833,0.000675,0.774,-8.443,0.063,118.109,4
386,0.0105,0.514,0.713,0.00603,0.147,-7.91,0.106,118.65,4
387,0.0654,0.664,0.74,0.00158,0.226,-8.412,0.0485,123.89,4
388,0.00543,0.574,0.579,1.06E-05,0.338,-9.059,0.0678,108.365,4
389,0.737,0.405,0.232,0.00132,0.141,-16.451,0.0684,81.068,3
390,0.00648,0.366,0.553,0.000476,0.0857,-8.054,0.0502,148.191,4
391,0.00806,0.358,0.771,0.203,0.168,-8.247,0.0942,165.053,4
392,0.257,0.849,0.474,0,0.126,-13.616,0.0352,120.286,4
393,0.127,0.647,0.515,0,0.128,-9.954,0.0292,133.243,4
394,0.858,0.492,0.255,3.16E-05,0.105,-13.069,0.0315,133.633,4
395,0.101,0.675,0.533,8.20E-06,0.0861,-11.715,0.0393,91.49,4
396,0.111,0.593,0.419,0.000167,0.326,-12.521,0.0505,104.176,4
397,0.0373,0.423,0.506,0,0.0914,-11.274,0.315,163.307,3
398,0.159,0.689,0.599,0.000309,0.0924,-12.927,0.11,94.447,4
399,0.774,0.501,0.497,0,0.919,-14.41,0.0371,139.684,4
400,0.137,0.792,0.425,0.000186,0.0912,-14.526,0.126,131.137,4
401,0.0983,0.81,0.185,0,0.0884,-12.717,0.0424,117.743,4
402,0.826,0.499,0.395,0,0.95,-14.275,0.0409,100.639,3
403,0.161,0.712,0.484,1.95E-05,0.0497,-12.074,0.0366,112.292,4
404,0.135,0.745,0.373,0,0.136,-14.481,0.335,170.344,4
405,0.00368,0.392,0.672,0.43,0.132,-13.686,0.0576,163.974,4
406,0.872,0.584,0.806,0,1,-4.392,0.0389,116.213,4
407,0.765,0.482,0.954,1.75E-05,0.95,-5.394,0.0611,97.571,4
408,0.792,0.431,0.806,0,0.949,-5.135,0.0428,139.405,4
409,0.792,0.433,0.718,0,0.939,-6.388,0.0485,100.402,3
410,0.893,0.284,0.842,0,0.937,-4.223,0.0458,80.627,4
411,0.67,0.532,0.316,0,0.626,-8.326,0.0334,127.996,4
412,0.675,0.363,0.555,0,0.981,-5.789,0.0293,132.924,4
413,0.707,0.368,0.634,0,0.985,-5.412,0.0574,90.024,4
414,0.772,0.416,0.72,0,0.979,-5.678,0.0398,127.001,4
415,0.766,0.369,0.786,1.36E-06,0.95,-5.742,0.0471,84.287,4
416,0.826,0.331,0.851,5.80E-05,0.983,-6.388,0.0972,164.609,4
417,0.574,0.532,0.651,0,0.718,-5.413,0.0434,132.165,4
418,0.392,0.439,0.851,0,0.964,-5.514,0.135,74.74,4
419,0.843,0.382,0.939,0,0.957,-4.817,0.0922,108.136,4
420,0.0835,0.54,0.867,0,0.414,-5.464,0.053,128.3,4
421,0.11,0.544,0.689,0,0.168,-5.884,0.0322,133.002,4
422,0.264,0.804,0.681,0,0.251,-7.97,0.0344,120.173,4
423,0.211,0.329,0.504,0,0.165,-6.998,0.0664,204.623,4
424,0.233,0.564,0.755,2.77E-06,0.0901,-6.823,0.0575,91.307,4
425,0.188,0.781,0.301,0,0.0985,-8.025,0.0365,117.601,4
426,0.252,0.65,0.673,4.84E-06,0.0452,-7.113,0.0381,112.197,4
427,0.127,0.79,0.836,7.97E-06,0.0579,-7.062,0.108,95.093,4
428,0.0917,0.724,0.613,0,0.168,-8.334,0.277,170.281,3
429,0.189,0.863,0.411,0,0.193,-8.611,0.129,82.149,4
430,0.0807,0.226,0.545,0,0.0927,-6.094,0.0393,168.261,3
431,0.0633,0.349,0.765,0,0.118,-6.02,0.384,81.182,4
432,0.825,0.41,0.306,1.61E-05,0.119,-9.605,0.0306,114.973,3
433,0.0573,0.55,0.483,0,0.103,-6.693,0.0329,131.308,3
434,0.0939,0.607,0.637,0,0.222,-8.656,0.0507,111.065,4
435,0.172,0.721,0.799,0,0.0346,-6.48,0.147,105.069,4
436,0.483,0.726,0.524,0,0.164,-8.607,0.0275,128.356,4
437,0.121,0.594,0.728,0,0.458,-7.535,0.138,183.821,4
438,0.132,0.584,0.704,0,0.173,-5.35,0.0398,100.909,4
439,0.176,0.646,0.77,0.000457,0.246,-6.723,0.0377,107.161,4
440,0.0218,0.563,0.941,0,0.137,-5.543,0.0724,131.272,4
441,0.515,0.584,0.316,0.000391,0.143,-10.814,0.0316,136.572,4
442,0.594,0.636,0.526,0.799,0.109,-9.001,0.0276,115.281,3
443,0.0612,0.509,0.546,0.000289,0.124,-6.728,0.055,103.975,4
444,0.0835,0.328,0.628,0.0476,0.708,-9.356,0.0523,137.243,4
445,0.188,0.608,0.508,0.00502,0.0593,-13.025,0.0399,140.807,4
446,0.116,0.519,0.563,1.28E-05,0.128,-15.071,0.189,187.802,4
447,0.258,0.71,0.766,1.41E-05,0.0499,-11.858,0.0475,127.765,4
448,0.702,0.46,0.219,0,0.0775,-14.165,0.032,101.005,3
449,0.0896,0.786,0.43,3.26E-05,0.0679,-15.098,0.0991,130.652,4
450,0.0893,0.467,0.443,6.58E-06,0.17,-12.701,0.0464,140.85,4
451,0.862,0.51,0.154,7.94E-05,0.103,-18.677,0.0337,132.555,4
452,0.0311,0.638,0.92,0.0281,0.29,-11.786,0.064,119.16,4
453,0.951,0.443,0.106,0.894,0.124,-23.994,0.042,101.806,4
454,0.276,0.578,0.754,0.000214,0.279,-11.612,0.0594,89.954,4
455,0.522,0.661,0.385,5.85E-05,0.0619,-15.839,0.085,137.164,4
456,0.204,0.523,0.597,0.601,0.438,-13.402,0.0304,96.041,3
457,0.343,0.46,0.619,3.12E-05,0.19,-9.187,0.0419,170.019,4
458,0.475,0.561,0.662,2.32E-05,0.0928,-10.28,0.0406,132.115,4
459,0.288,0.607,0.345,5.79E-06,0.0774,-12.344,0.0292,138.082,4
460,0.596,0.73,0.467,0,0.114,-10.498,0.0277,110.131,4
461,0.000794,0.564,0.671,0.802,0.123,-11.649,0.0374,112.696,3
462,0.13,0.757,0.807,0,0.199,-9.488,0.0537,104.014,4
463,0.0558,0.715,0.495,3.01E-06,0.217,-10.318,0.052,136.037,4
464,0.152,0.727,0.585,0,0.0779,-11.016,0.0476,125.965,4
465,0.517,0.578,0.484,1.42E-05,0.108,-8.975,0.0407,126.862,4
466,0.00831,0.471,0.411,0.00449,0.1,-10.195,0.0312,68.053,4
467,0.789,0.49,0.405,1.47E-06,0.15,-10.355,0.026,74.083,4
468,0.278,0.567,0.325,0.653,0.0919,-13.112,0.0287,126.174,4
469,0.232,0.56,0.856,0,0.331,-5.489,0.0366,120.484,4
470,0.192,0.581,0.731,0,0.405,-5.189,0.0289,127.582,4
471,0.522,0.607,0.835,0.00031,0.295,-5.929,0.0403,126.445,4
472,0.033,0.618,0.843,0,0.0678,-6.85,0.0707,90.18,4
473,0.0819,0.539,0.815,0.000125,0.349,-6.198,0.0493,133.431,4
474,0.0373,0.55,0.548,0,0.2,-9.269,0.0276,92.953,4
475,0.546,0.85,0.569,0.00699,0.0536,-6.009,0.0475,93.988,4
476,0.0155,0.618,0.721,5.77E-05,0.147,-8.977,0.0281,130.086,4
477,0.219,0.614,0.794,0,0.174,-6.333,0.0308,108.624,4
478,0.172,0.48,0.484,4.39E-06,0.183,-7.251,0.0302,117.071,4
479,0.00762,0.686,0.702,0.00207,0.0989,-9.156,0.0283,119.978,4
480,0.424,0.748,0.78,0.00478,0.3,-7.253,0.0615,106.003,4
481,0.948,0.443,0.201,0,0.111,-13.761,0.0387,129.981,4
482,0.727,0.55,0.255,3.66E-05,0.111,-14.105,0.0293,144.004,4
483,0.394,0.595,0.631,7.93E-06,0.326,-7.661,0.0276,134.112,4
484,0.326,0.63,0.77,1.18E-06,0.215,-9.786,0.0282,134.052,4
485,0.0363,0.532,0.732,0,0.14,-5.378,0.0322,136.039,4
486,0.0628,0.8,0.813,2.47E-06,0.0541,-10.347,0.0328,131.951,4
487,0.253,0.722,0.641,0.0561,0.214,-10.309,0.0272,130.018,4
488,0.177,0.778,0.551,0.00452,0.186,-8.022,0.0303,120.048,4
489,0.279,0.672,0.752,0,0.105,-5.38,0.0434,97.983,4
490,0.787,0.441,0.305,6.14E-05,0.161,-10.14,0.068,181.564,4
491,0.309,0.648,0.375,0,0.105,-13.418,0.0311,122.003,4
492,0.151,0.608,0.717,2.72E-06,0.0931,-8.905,0.0284,145.007,4
493,0.78,0.591,0.356,0,0.267,-12.515,0.0999,182.13,4
494,0.818,0.63,0.251,0,0.147,-16.96,0.0499,125.985,4
495,0.0262,0.655,0.573,0,0.101,-8.619,0.031,136.993,4
496,0.927,0.48,0.176,0.000503,0.109,-14.138,0.0292,79.199,4
497,0.119,0.715,0.78,0.000689,0.117,-5.11,0.0273,124.977,4
498,0.56,0.614,0.48,0.00265,0.115,-10.904,0.028,131.019,4
499,0.00944,0.636,0.44,2.19E-06,0.11,-12.887,0.0317,132.922,4
500,0.0418,0.799,0.495,0.000387,0.114,-13.186,0.0518,116.008,4
501,0.0181,0.393,0.932,2.39E-05,0.82,-5.651,0.105,141.572,4
502,0.0203,0.607,0.887,6.37E-06,0.373,-3.179,0.0636,138.827,4
503,0.00427,0.562,0.864,4.15E-06,0.917,-5.72,0.0915,115.274,4
504,0.343,0.42,0.798,0,0.921,-5.582,0.0999,96.166,4
505,0.262,0.394,0.802,0,0.488,-5.969,0.0761,128.588,4
506,0.111,0.49,0.934,0,0.389,-4.317,0.0709,138.659,4
507,0.0109,0.494,0.922,2.31E-06,0.314,-2.526,0.0929,136.331,4
508,0.598,0.383,0.697,0,0.364,-7.059,0.0494,130.699,4
509,0.00448,0.37,0.917,1.42E-05,0.4,-5.311,0.0963,140.382,4
510,0.178,0.675,0.882,0.000166,0.258,-5.696,0.051,122.508,4
511,0.179,0.571,0.924,4.07E-06,0.719,-4.727,0.197,121.056,4
512,0.234,0.615,0.814,0,0.244,-5.847,0.0291,108.621,4
513,0.498,0.607,0.839,0.000255,0.177,-5.654,0.0409,126.449,4
514,0.215,0.564,0.856,0,0.337,-4.994,0.0363,120.528,4
515,0.192,0.581,0.731,0,0.405,-5.189,0.0289,127.582,4
516,0.152,0.705,0.605,2.47E-05,0.361,-6.917,0.0242,94.046,4
517,0.0831,0.539,0.838,0.000227,0.276,-5.563,0.0525,133.437,4
518,0.892,0.76,0.602,0.527,0.0839,-10.219,0.0664,96.066,4
519,0.142,0.479,0.504,9.58E-06,0.249,-6.501,0.0293,117.027,4
520,0.515,0.848,0.584,0.00808,0.026,-5.535,0.046,93.988,4
521,0.392,0.602,0.641,4.99E-06,0.367,-7.09,0.0275,134.083,4
522,0.715,0.489,0.435,5.22E-06,0.265,-9.186,0.0265,91.013,4
523,0.0363,0.532,0.732,0,0.14,-5.378,0.0322,136.039,4
524,0.473,0.75,0.787,0.00411,0.173,-6.756,0.0701,105.996,4
525,0.0146,0.616,0.715,7.69E-05,0.124,-9.02,0.028,130.077,4
526,0.00278,0.543,0.855,0,0.0307,-6.939,0.0388,92.008,4
527,0.156,0.602,0.715,4.43E-06,0.113,-8.139,0.029,127.07,4
528,0.404,0.767,0.559,0.000867,0.284,-8.593,0.031,127.178,4
529,0.186,0.48,0.665,2.04E-05,0.214,-8.185,0.0321,136.082,4
530,0.948,0.347,0.178,0,0.0856,-14.89,0.0505,77.843,5
531,0.0466,0.544,0.546,0,0.211,-9.271,0.0275,92.969,4
532,0.743,0.566,0.184,5.01E-05,0.0983,-17.97,0.0306,144.098,4
533,0.0615,0.599,0.439,0,0.154,-10.554,0.0247,97.021,4
534,0.00762,0.686,0.702,0.00207,0.0989,-9.156,0.0283,119.978,4
535,0.34,0.63,0.77,1.27E-06,0.194,-9.812,0.0281,134.023,4
536,0.0305,0.619,0.839,0,0.0661,-6.833,0.0653,90.172,4
537,0.177,0.73,0.647,0,0.0522,-6.853,0.0266,120.032,4
538,0.513,0.573,0.405,0,0.085,-8.587,0.0296,132.252,4
539,0.0541,0.459,0.318,2.27E-05,0.108,-10.762,0.0299,136.374,4
540,0.491,0.683,0.623,2.09E-05,0.0778,-8.338,0.0295,137.993,4
541,0.867,0.548,0.206,0.0018,0.103,-12.14,0.0342,146.246,4
542,0.0795,0.509,0.551,0.000106,0.153,-7.199,0.0274,155.05,4
543,0.234,0.678,0.782,0,0.0998,-5.465,0.0269,122.028,4
544,0.505,0.531,0.295,3.84E-06,0.11,-10.369,0.0321,66.017,4
545,0.735,0.707,0.49,0,0.147,-9.462,0.0296,114.986,4
546,0.00173,0.511,0.699,0.000117,0.118,-6.486,0.026,133.094,4
547,0.0307,0.931,0.613,2.02E-05,0.122,-6.89,0.0318,119.977,4
548,0.0146,0.616,0.715,7.69E-05,0.124,-9.02,0.028,130.077,4
549,0.00278,0.543,0.855,0,0.0307,-6.939,0.0388,92.008,4
550,0.156,0.602,0.715,4.43E-06,0.113,-8.139,0.029,127.07,4
551,0.404,0.767,0.559,0.000867,0.284,-8.593,0.031,127.178,4
552,0.186,0.48,0.665,2.04E-05,0.214,-8.185,0.0321,136.082,4
553,0.948,0.347,0.178,0,0.0856,-14.89,0.0505,77.843,5
554,0.0466,0.544,0.546,0,0.211,-9.271,0.0275,92.969,4
555,0.743,0.566,0.184,5.01E-05,0.0983,-17.97,0.0306,144.098,4
556,0.0615,0.599,0.439,0,0.154,-10.554,0.0247,97.021,4
557,0.00762,0.686,0.702,0.00207,0.0989,-9.156,0.0283,119.978,4
558,0.34,0.63,0.77,1.27E-06,0.194,-9.812,0.0281,134.023,4
559,0.234,0.615,0.814,0,0.244,-5.847,0.0291,108.621,4
560,0.498,0.607,0.839,0.000255,0.177,-5.654,0.0409,126.449,4
561,0.215,0.564,0.856,0,0.337,-4.994,0.0363,120.528,4
562,0.192,0.581,0.731,0,0.405,-5.189,0.0289,127.582,4
563,0.152,0.705,0.605,2.47E-05,0.361,-6.917,0.0242,94.046,4
564,0.0831,0.539,0.838,0.000227,0.276,-5.563,0.0525,133.437,4
565,0.892,0.76,0.602,0.527,0.0839,-10.219,0.0664,96.066,4
566,0.142,0.479,0.504,9.58E-06,0.249,-6.501,0.0293,117.027,4
567,0.515,0.848,0.584,0.00808,0.026,-5.535,0.046,93.988,4
568,0.392,0.602,0.641,4.99E-06,0.367,-7.09,0.0275,134.083,4
569,0.715,0.489,0.435,5.22E-06,0.265,-9.186,0.0265,91.013,4
570,0.0363,0.532,0.732,0,0.14,-5.378,0.0322,136.039,4
571,0.473,0.75,0.787,0.00411,0.173,-6.756,0.0701,105.996,4
572,0.0261,0.64,0.356,1.08E-05,0.0768,-14.168,0.0533,130.115,4
573,0.736,0.468,0.172,5.76E-05,0.146,-15.044,0.0355,127.441,4
574,0.209,0.768,0.376,1.27E-05,0.273,-13.807,0.114,133.992,4
575,0.0603,0.617,0.445,0.000618,0.145,-11.721,0.031,139.162,4
576,0.112,0.533,0.619,0.00165,0.0835,-12.973,0.0403,183.057,4
577,0.435,0.581,0.265,1.06E-06,0.0906,-13.366,0.0289,136.232,4
578,0.813,0.654,0.253,3.10E-06,0.149,-14.255,0.0548,122.169,4
579,0.026,0.68,0.666,0.00263,0.1,-11.863,0.0307,90.991,4
580,0.859,0.44,0.198,9.85E-06,0.129,-16.11,0.0312,173.756,3
581,0.534,0.525,0.463,0.000465,0.286,-12.222,0.0332,155.051,4
582,0.646,0.66,0.363,0.000476,0.11,-13.814,0.0461,80.036,4
583,0.0773,0.598,0.593,0.0015,0.176,-12.35,0.0281,93.038,4
584,0.177,0.754,0.601,0.000281,0.673,-13.306,0.0443,134.98,4
585,0.36,0.541,0.604,0.000334,0.641,-13.856,0.105,154.511,4
586,0.405,0.637,0.615,0.000113,0.931,-11.01,0.0883,108.606,4
587,0.568,0.668,0.346,0.00981,0.979,-14.755,0.039,162.01,3
588,0.264,0.426,0.564,4.32E-05,0.706,-14.444,0.211,170.911,4
589,0.5,0.551,0.352,8.32E-05,0.704,-13.984,0.032,80.066,4
590,0.383,0.453,0.424,0.0928,0.713,-14.104,0.0337,136.429,4
591,0.584,0.659,0.278,0.0276,0.631,-15.418,0.0392,111.64,4
592,0.371,0.652,0.441,0.00249,0.729,-14.26,0.0363,88.424,4
593,0.185,0.637,0.552,0.00528,0.737,-12.736,0.0366,95.182,4
594,0.692,0.641,0.19,0.0131,0.663,-18.209,0.0522,82.89,4
595,0.886,0.638,0.222,0.00031,0.699,-15.522,0.046,91.481,4
596,0.927,0.551,0.201,0.000739,0.838,-16.042,0.14,150.804,3
597,0.558,0.489,0.512,1.46E-05,0.907,-11.753,0.0413,146.04,4
598,0.548,0.573,0.437,5.86E-06,0.729,-13.565,0.106,125.818,4
599,0.618,0.715,0.425,0.000688,0.745,-13.595,0.0716,85.986,4
600,0.295,0.655,0.489,0.000622,0.714,-11.592,0.0756,89.201,4
601,0.574,0.575,0.647,5.37E-05,0.194,-10.866,0.0782,117.525,4
602,0.484,0.453,0.481,8.51E-05,0.642,-11.471,0.0347,166.881,4
603,0.777,0.45,0.251,0.000705,0.718,-13.426,0.0404,73.402,4
604,0.136,0.355,0.631,1.11E-06,0.986,-10.558,0.0723,177.187,4
605,0.256,0.724,0.495,1.40E-05,0.98,-10.427,0.0439,101.466,4
606,0.264,0.535,0.539,4.34E-06,0.744,-10.56,0.0509,84.233,4
607,0.346,0.591,0.492,0.000294,0.978,-12.221,0.0407,126.958,4
608,0.584,0.452,0.616,0,0.925,-9.93,0.163,187.238,4
609,0.361,0.578,0.931,4.82E-05,0.671,-5.206,0.0704,98.564,4
610,0.251,0.554,0.922,0.0326,0.782,-5.279,0.0535,94.634,4
611,0.19,0.559,0.921,4.17E-05,0.455,-4.588,0.0957,147.399,4
612,0.556,0.459,0.711,1.83E-06,0.879,-7.193,0.529,164.025,4
613,0.656,0.451,0.581,0.000354,0.316,-6.174,0.0672,122.535,3
614,0.109,0.376,0.769,0.000818,0.609,-6.535,0.0436,148.388,4
615,0.43,0.551,0.831,0.00128,0.548,-7.189,0.0565,90.338,4
616,0.57,0.502,0.71,0.000218,0.678,-7.67,0.0972,77.985,4
617,0.351,0.512,0.812,0.000169,0.645,-5.703,0.0327,129.727,4
618,0.75,0.461,0.417,4.70E-06,0.676,-9.106,0.0291,83.25,4
619,0.619,0.488,0.776,0.000463,0.796,-7.852,0.263,76.397,4
620,0.462,0.546,0.728,1.94E-05,0.696,-6.106,0.0437,123.297,4
621,0.223,0.381,0.832,0.00591,0.749,-5.985,0.0636,77.087,4
622,0.575,0.539,0.703,0,0.463,-6.405,0.033,74.332,4
623,0.506,0.37,0.836,6.98E-05,0.319,-5.034,0.0633,154.311,4
624,0.671,0.444,0.609,2.90E-05,0.669,-8.121,0.0491,74.228,4
625,0.8,0.391,0.412,0.00122,0.114,-8.618,0.0345,141.753,4
626,0.436,0.506,0.791,2.23E-05,0.395,-5.44,0.053,75.734,4
627,0.315,0.558,0.913,0.000237,0.571,-4.843,0.0463,115.073,4
628,0.574,0.585,0.764,0.000184,0.727,-6.601,0.0835,118.06,4
629,0.324,0.451,0.805,0.000547,0.659,-6.301,0.033,105.539,4
630,0.52,0.517,0.803,0.00414,0.697,-7.342,0.0455,156.235,4
631,0.31,0.414,0.802,0.00456,0.725,-6.454,0.0546,75.703,4
632,0.142,0.447,0.929,8.92E-05,0.764,-4.817,0.139,75.16,4
633,0.16,0.477,0.945,3.40E-05,0.936,-4.065,0.113,75.055,4
634,0.747,0.64,0.671,0.032,0.104,-7.929,0.0326,132.548,4
635,0.279,0.581,0.881,0.256,0.219,-6.146,0.036,94.959,4
636,0.208,0.574,0.882,0.000146,0.316,-5.325,0.0574,148.308,4
637,0.47,0.433,0.789,5.74E-05,0.896,-7.352,0.39,164.144,4
638,0.624,0.472,0.531,0.000524,0.265,-7.406,0.0775,122.488,3
639,0.116,0.356,0.725,0.00538,0.824,-6.495,0.0475,148.048,4
640,0.479,0.576,0.772,0.0253,0.485,-7.156,0.0398,90.003,4
641,0.452,0.485,0.611,0.00874,0.731,-8.629,0.0471,78.153,4
642,0.757,0.329,0.432,0.00036,0.673,-10.357,0.0395,83.27,4
643,0.393,0.467,0.668,0.00773,0.13,-7.151,0.0363,124.079,4
644,0.313,0.371,0.727,0.0654,0.736,-7.579,0.0465,78.083,4
645,0.458,0.56,0.6,0.000403,0.419,-7.1,0.0268,73.914,4
646,0.402,0.406,0.633,0.00263,0.116,-6.745,0.0439,151.633,4
647,0.698,0.468,0.547,0.00132,0.66,-8.635,0.0431,73.973,4
648,0.757,0.392,0.396,0.53,0.681,-10.522,0.0301,145.131,4
649,0.145,0.505,0.646,0.0153,0.278,-7.123,0.0519,76.486,4
650,0.161,0.568,0.789,0.046,0.518,-6.218,0.0424,115.573,4
651,0.335,0.588,0.694,0.00119,0.924,-7.188,0.0632,117.736,4
652,0.444,0.528,0.68,0.00732,0.679,-7.74,0.0344,151.137,4
653,0.367,0.424,0.63,0.235,0.0851,-7.65,0.0321,73.336,4
654,0.0891,0.409,0.899,0.00968,0.985,-4.95,0.074,151.564,4
655,0.231,0.377,0.921,0.00455,0.659,-6.495,0.0687,69.68,3
656,0.31,0.566,0.921,4.92E-05,0.826,-6.239,0.0517,148.417,4
657,0.34,0.563,0.852,5.21E-05,0.48,-6.763,0.154,82.266,4
658,0.653,0.445,0.625,0.000885,0.172,-7.341,0.0899,128.189,3
659,0.696,0.29,0.393,0.000964,0.691,-9.812,0.0357,79.627,4
660,0.587,0.473,0.634,0.00546,0.236,-7.446,0.0422,77.075,4
661,0.116,0.344,0.767,0.0112,0.662,-8.513,0.0536,79.942,4
662,0.473,0.543,0.616,0,0.458,-7.985,0.0292,75.194,4
663,0.631,0.471,0.545,0.00643,0.303,-9.803,0.0356,74.993,4
664,0.698,0.423,0.41,0.00089,0.449,-10.136,0.0316,75.68,4
665,0.0848,0.333,0.784,0.00122,0.242,-6.443,0.0395,155.552,4
666,0.346,0.499,0.807,0,0.972,-6.573,0.0519,118.626,4
667,0.392,0.368,0.76,0.000105,0.78,-7.791,0.0652,161.849,4
668,0.149,0.318,0.769,0.00526,0.754,-7.259,0.0426,152.605,4
669,0.0366,0.362,0.94,0.000376,0.948,-5.532,0.0761,155.201,4
670,0.126,0.597,0.893,0.00886,0.7,-6.943,0.04,96.803,4
671,0.145,0.547,0.843,3.11E-05,0.712,-5.715,0.0393,143.352,4
672,0.295,0.59,0.876,1.72E-05,0.526,-5.888,0.0564,77.716,4
673,0.499,0.307,0.701,0.000138,0.412,-6.417,0.121,181.617,4
674,0.0535,0.269,0.777,0.00331,0.545,-6.005,0.0367,72.387,4
675,0.0375,0.582,0.829,0.00238,0.692,-5.345,0.0553,137.584,4
676,0.259,0.428,0.787,0.0244,0.698,-6.883,0.0408,76.073,4
677,0.314,0.509,0.773,0.0249,0.585,-6.172,0.0336,87.192,4
678,0.503,0.587,0.47,0.00718,0.718,-8.122,0.0288,110.239,5
679,0.537,0.402,0.644,0.00083,0.844,-6.89,0.0457,143.484,4
680,0.0589,0.247,0.747,0.0114,0.822,-6.059,0.038,154.502,4
681,0.223,0.543,0.74,0,0.64,-5.638,0.0258,75.854,4
682,0.206,0.374,0.758,7.63E-06,0.507,-5.178,0.0391,147.416,4
683,0.33,0.439,0.619,9.75E-06,0.673,-7.661,0.0472,73.742,4
684,0.563,0.36,0.412,0.000492,0.384,-8.716,0.03,146.74,3
685,0.23,0.659,0.734,0.00064,0.647,-6.903,0.0281,122.91,4
686,0.204,0.459,0.841,0.000452,0.699,-6.598,0.0338,89.799,4
687,0.0714,0.489,0.819,0.000579,0.533,-5.577,0.029,111.788,4
688,0.359,0.418,0.695,0.003,0.66,-7.782,0.0362,155.122,4
689,0.439,0.612,0.706,1.06E-06,0.702,-6.271,0.0379,115.231,4
690,0.201,0.284,0.728,0.0222,0.0916,-6.857,0.0345,77.069,4
691,0.0225,0.362,0.841,0.003,0.961,-6.485,0.0551,146.904,4
692,0.147,0.527,0.924,0.0271,0.712,-5.079,0.0341,92.4,4
693,0.103,0.526,0.85,2.66E-06,0.495,-5.195,0.0552,143.475,4
694,0.328,0.589,0.865,1.52E-06,0.729,-5.421,0.192,77.332,4
695,0.601,0.46,0.584,0.00139,0.123,-6.583,0.0591,119.731,3
696,0.0497,0.307,0.789,0.00285,0.154,-5.738,0.0454,151.085,4
697,0.0217,0.537,0.855,0.0491,0.676,-5.749,0.0452,135.603,4
698,0.371,0.394,0.747,0.0066,0.647,-7.17,0.0396,76.149,4
699,0.4,0.459,0.786,0.000638,0.656,-6.852,0.039,87.341,4
700,0.746,0.406,0.554,6.39E-05,0.679,-7.138,0.0296,111.969,5
701,0.638,0.366,0.725,2.94E-06,0.696,-7.036,0.0812,148.346,4
702,0.704,0.549,0.436,4.63E-05,0.64,-8.817,0.0271,82.704,4
703,0.158,0.222,0.806,0.00115,0.497,-6.3,0.0478,164.506,4
704,0.355,0.529,0.795,0,0.399,-5.458,0.0315,78.447,4
705,0.566,0.37,0.59,1.67E-05,0.683,-6.478,0.0349,170.915,4
706,0.426,0.331,0.77,3.94E-05,0.342,-5.932,0.0394,150.188,4
707,0.636,0.427,0.629,1.74E-05,0.645,-7.656,0.0557,75.282,4
708,0.625,0.34,0.388,0.234,0.132,-9.708,0.0275,151.313,4
709,0.224,0.516,0.897,0.000137,0.384,-5.379,0.0347,113.608,4
710,0.468,0.536,0.835,8.36E-05,0.688,-5.689,0.0284,102.528,4
711,0.292,0.373,0.656,0.00117,0.578,-6.363,0.0294,149.623,4
712,0.373,0.505,0.802,0,0.908,-5.249,0.0362,115.084,4
713,0.306,0.438,0.745,0.000147,0.149,-6.485,0.0362,75.219,4
714,0.0877,0.427,0.931,0.000251,0.796,-4.837,0.0733,145.834,4
715,0.181,0.51,0.952,0.0581,0.925,-5.505,0.0588,93.531,4
716,0.167,0.522,0.91,2.74E-06,0.407,-4.964,0.0401,144.449,4
717,0.376,0.534,0.853,0,0.643,-5.528,0.137,78.504,4
718,0.11,0.3,0.788,1.58E-05,0.316,-5.487,0.0384,150.536,4
719,0.295,0.397,0.807,0.000513,0.702,-6.234,0.0466,78.068,4
720,0.245,0.521,0.831,0.000529,0.683,-7.436,0.0383,88.121,4
721,0.587,0.268,0.748,9.62E-06,0.685,-6.391,0.0952,73.463,4
722,0.0786,0.25,0.852,0.00253,0.734,-6.035,0.0502,81.408,4
723,0.702,0.354,0.576,0.00107,0.623,-6.637,0.0339,169.198,4
724,0.169,0.61,0.686,0.000227,0.33,-6.168,0.0305,123.174,4
725,0.113,0.408,0.887,0.00126,0.757,-5.441,0.0372,114.496,4
726,0.359,0.462,0.811,0.0001,0.662,-6.248,0.0324,101.004,4
727,0.286,0.498,0.718,0.00103,0.198,-6.741,0.0346,78.438,4
728,0.201,0.321,0.802,0.0102,0.721,-6.124,0.0521,150.198,4
729,0.141,0.594,0.818,0.000253,0.151,-4.391,0.0306,129.249,4
730,0.444,0.605,0.926,0.00163,0.751,-5.548,0.0419,96.309,4
731,0.369,0.556,0.88,3.91E-05,0.393,-5.089,0.0355,145.27,4
732,0.491,0.607,0.827,0,0.137,-5.563,0.183,78.947,4
733,0.609,0.493,0.638,0.000845,0.128,-6.901,0.0774,119.671,3
734,0.0313,0.562,0.778,0.00171,0.694,-5.585,0.0529,137.16,4
735,0.474,0.449,0.739,0.00651,0.702,-6.338,0.0498,76.392,4
736,0.663,0.467,0.657,0.000561,0.71,-6.742,0.0556,145.696,4
737,0.824,0.375,0.338,0.00176,0.635,-10.111,0.0336,167.585,3
738,0.888,0.417,0.547,0.00194,0.619,-6.311,0.032,86.561,4
739,0.797,0.407,0.507,0.00387,0.636,-8.376,0.0363,140.103,4
740,0.84,0.407,0.409,0.00648,0.702,-8.58,0.0286,142.382,4
741,0.351,0.656,0.74,0.00661,0.788,-6.341,0.0269,122.802,4
742,0.422,0.524,0.84,0.00164,0.468,-5.641,0.0297,100.667,4
743,0.574,0.608,0.81,0.000121,0.816,-5.168,0.0391,114.779,4
744,0.451,0.412,0.701,0.0832,0.731,-6.137,0.0326,71.894,4
745,0.535,0.619,0.9,0.00277,0.703,-4.94,0.0444,96.721,4
746,0.467,0.54,0.923,0.181,0.718,-5.349,0.0448,93.415,4
747,0.259,0.36,0.653,0.00972,0.174,-6.323,0.0301,148.124,4
748,0.629,0.479,0.803,0.00226,0.727,-5.993,0.0538,87.827,4
749,0.755,0.6,0.436,3.72E-05,0.681,-8.404,0.035,111.885,3
750,0.355,0.301,0.809,0.0131,0.734,-6.137,0.0472,157.778,4
751,0.56,0.513,0.656,2.61E-06,0.534,-5.155,0.03,74.875,4
752,0.56,0.371,0.726,0.00183,0.57,-4.992,0.0403,142.865,4
753,0.767,0.373,0.428,0.00847,0.696,-7.292,0.0295,137.863,3
754,0.482,0.683,0.762,0.00252,0.685,-5.106,0.031,123.743,4
755,0.509,0.497,0.709,0.00329,0.468,-6.198,0.0289,147.429,4
756,0.434,0.387,0.824,0.00827,0.101,-6.064,0.0276,91.935,4
757,0.595,0.63,0.787,2.20E-06,0.673,-5.193,0.0562,117.4,4
758,0.324,0.472,0.923,0.000116,0.905,-4.443,0.0807,146.528,4
759,0.0414,0.59,0.924,0.00042,0.0612,-6.669,0.0326,101.807,4
760,0.0863,0.556,0.84,0.00473,0.317,-5.904,0.0389,135.119,4
761,0.0577,0.491,0.916,7.05E-06,0.196,-5.239,0.034,146.836,4
762,0.315,0.502,0.834,0.000723,0.342,-8.182,0.123,87.885,4
763,0.398,0.511,0.541,0,0.0986,-8.841,0.0316,73.931,4
764,0.827,0.414,0.33,0.00073,0.199,-12.425,0.0355,122.103,5
765,0.0756,0.715,0.862,8.93E-06,0.153,-8.087,0.0435,98.017,4
766,0.0443,0.438,0.742,0,0.205,-7.847,0.228,132.002,3
767,0.101,0.442,0.64,0.138,0.0936,-7.776,0.0295,80.6,4
768,0.181,0.467,0.479,1.16E-05,0.118,-9.217,0.0283,59.612,4
769,0.891,0.483,0.169,0.000315,0.0965,-14.163,0.033,143.578,4
770,0.48,0.284,0.435,0.000925,0.112,-8.851,0.0424,90.442,4
771,0.521,0.625,0.395,0.00165,0.102,-9.508,0.0304,123.993,4
772,0.000433,0.46,0.949,0.0531,0.0534,-4.316,0.0806,148.183,4
773,0.3,0.523,0.648,0.000705,0.11,-6.871,0.045,157.176,4
774,0.166,0.751,0.796,0.000103,0.158,-5.026,0.0502,139.49,4
775,0.0854,0.424,0.629,0.0075,0.103,-5.632,0.0264,132.341,4
776,0.0035,0.523,0.674,0.0176,0.0984,-5.781,0.0273,149.804,4
777,0.354,0.712,0.912,9.84E-06,0.19,-5.214,0.0494,104.312,4
778,0.0794,0.397,0.527,0.0101,0.106,-6.74,0.0273,132.991,4
779,0.319,0.65,0.519,0.000212,0.335,-8.26,0.0294,115.538,4
780,0.00102,0.387,0.852,0.0607,0.254,-6.099,0.0565,181.141,4
781,0.0185,0.553,0.589,2.34E-05,0.172,-6.937,0.0372,143.426,4
782,0.259,0.592,0.713,0.00696,0.147,-7.555,0.0384,95.509,4
783,0.0286,0.588,0.711,0.0004,0.332,-5.593,0.0266,119.343,4
784,0.0375,0.488,0.872,8.84E-05,0.336,-5.084,0.0395,166.089,4
785,0.0514,0.566,0.659,1.26E-06,0.232,-7.056,0.033,143.937,4
786,0.203,0.773,0.537,0.00184,0.109,-10.71,0.348,153.838,4
787,0.841,0.355,0.404,0,0.909,-10.344,0.0419,169.318,4
788,0.967,0.7,0.0333,0,0.555,-29.462,0.671,99.41,4
789,0.868,0.489,0.31,0,0.845,-12.169,0.149,105.223,5
790,0.941,0.659,0.045,0,0.444,-29.071,0.915,99.935,3
791,0.881,0.476,0.406,8.94E-05,0.913,-9.757,0.0362,145.839,4
792,0.924,0.643,0.0479,0,0.599,-30.162,0.916,76.978,3
793,0.886,0.673,0.163,1.80E-06,0.961,-16.225,0.103,119.445,4
794,0.937,0.666,0.0311,0,0.439,-32.959,0.834,96.554,3
795,0.825,0.336,0.334,0,0.879,-10.143,0.0293,174.456,4
796,0.962,0.701,0.043,0,0.191,-30.131,0.94,73.031,3
797,0.796,0.484,0.411,1.70E-06,0.732,-8.622,0.0326,122.807,4
798,0.933,0.644,0.0265,0,0.378,-30.494,0.805,88.704,4
799,0.833,0.436,0.376,1.00E-05,0.705,-10.396,0.0265,149.778,4
800,0.927,0.641,0.0309,0,0.256,-33.094,0.776,116.185,4
801,0.871,0.528,0.243,4.54E-05,0.385,-14.039,0.0862,154.676,4
802,0.92,0.553,0.0213,0,0.244,-33.633,0.847,86.247,5
803,0.762,0.426,0.416,0.000881,0.7,-10.809,0.0358,91.305,4
804,0.958,0.603,0.0237,0,0.458,-32.364,0.873,71.061,3
805,0.883,0.497,0.376,5.27E-06,0.688,-10.4,0.0461,132.638,4
806,0.956,0.601,0.0179,0,0.183,-30.532,0.561,86.244,4
807,0.881,0.534,0.267,2.04E-05,0.57,-13.524,0.0471,136.454,4
808,0.967,0.702,0.0329,0,0.514,-31.134,0.901,83.714,4
809,0.889,0.512,0.391,2.63E-06,0.714,-10.4,0.0492,138.094,4
810,0.964,0.637,0.0222,0,0.323,-31.417,0.793,97.501,3
811,0.892,0.441,0.33,1.50E-05,0.922,-11.733,0.0352,142.014,4
812,0.962,0.638,0.0274,0,0.461,-31.496,0.895,83.155,4
813,0.86,0.401,0.33,3.31E-06,0.743,-9.681,0.0304,138.711,4
814,0.96,0.64,0.0256,0,0.285,-35.352,0.692,116.772,3
815,0.841,0.355,0.404,0,0.909,-10.344,0.0419,169.318,4
816,0.868,0.489,0.31,0,0.845,-12.169,0.149,105.223,5
817,0.881,0.476,0.406,8.94E-05,0.913,-9.757,0.0362,145.839,4
818,0.886,0.673,0.163,1.80E-06,0.961,-16.225,0.103,119.445,4
819,0.825,0.336,0.334,0,0.879,-10.143,0.0293,174.456,4
820,0.796,0.484,0.411,1.70E-06,0.732,-8.622,0.0326,122.807,4
821,0.833,0.436,0.376,1.00E-05,0.705,-10.396,0.0265,149.778,4
822,0.871,0.528,0.243,4.54E-05,0.385,-14.039,0.0862,154.676,4
823,0.762,0.426,0.416,0.000881,0.7,-10.809,0.0358,91.305,4
824,0.883,0.497,0.376,5.27E-06,0.688,-10.4,0.0461,132.638,4
825,0.881,0.534,0.267,2.04E-05,0.57,-13.524,0.0471,136.454,4
826,0.889,0.512,0.391,2.63E-06,0.714,-10.4,0.0492,138.094,4
827,0.892,0.441,0.33,1.50E-05,0.922,-11.733,0.0352,142.014,4
828,0.86,0.401,0.33,3.31E-06,0.743,-9.681,0.0304,138.711,4
829,0.246,0.677,0.803,0.000316,0.314,-6.385,0.0341,118.015,4
830,0.00747,0.444,0.89,0.000186,0.948,-6.378,0.0573,90.524,4
831,0.131,0.386,0.819,8.36E-06,0.365,-7.89,0.0523,172.034,4
832,0.978,0.409,0.255,3.31E-06,0.628,-9.736,0.0348,108.838,5
833,0.346,0.413,0.771,5.54E-05,0.111,-7.648,0.0364,131.502,4
834,0.239,0.636,0.741,0,0.766,-7.497,0.0305,126.762,4
835,0.000415,0.591,0.879,0.00103,0.146,-7.093,0.0309,134.29,4
836,0.00292,0.438,0.975,0.0147,0.32,-5.727,0.0449,88.349,4
837,0.698,0.54,0.901,0,0.311,-7.155,0.048,175.318,4
838,0.509,0.621,0.621,0,0.215,-7.001,0.028,76.025,4
839,0.376,0.58,0.401,5.62E-06,0.109,-7.809,0.0249,74.006,4
840,0.00738,0.478,0.806,0.000433,0.29,-6.66,0.0394,84.084,4
841,0.00497,0.445,0.923,1.50E-05,0.975,-7.544,0.0401,146.935,4
842,0.0111,0.653,0.587,1.34E-05,0.227,-5.805,0.0317,109.008,4
843,0.257,0.408,0.713,0,0.857,-9.493,0.0425,78.897,4
844,0.239,0.586,0.446,0,0.0993,-11.143,0.0444,135.924,4
845,0.302,0.366,0.857,0,0.952,-6.346,0.0539,169.015,4
846,0.23,0.536,0.858,0.00133,0.604,-8.808,0.035,157.074,4
847,0.501,0.514,0.549,0,0.153,-7.997,0.0276,146.147,4
848,0.432,0.373,0.718,9.37E-06,0.91,-6.49,0.0757,180.283,4
849,0.191,0.528,0.877,0.00688,0.0509,-6.691,0.0632,143.441,4
850,0.662,0.526,0.798,1.07E-05,0.137,-5.515,0.0429,112.431,4
851,0.557,0.51,0.742,0.000279,0.294,-7.012,0.0386,90.21,4
852,0.452,0.395,0.459,0.0152,0.108,-7.403,0.0272,128.749,4
853,0.293,0.462,0.658,0.000422,0.033,-6.768,0.0416,148.67,4
854,0.694,0.603,0.496,5.82E-05,0.0857,-8.551,0.0324,75.071,4
855,0.433,0.442,0.653,0,0.313,-7.179,0.0316,90.975,4
856,0.594,0.509,0.353,0.0331,0.12,-11.154,0.031,141.697,4
857,0.323,0.487,0.709,8.93E-06,0.275,-6.215,0.126,147.823,4
858,0.816,0.464,0.415,0.00127,0.106,-11.17,0.0296,145.807,4
859,0.478,0.506,0.642,0.00215,0.2,-7.979,0.0338,152.793,4
860,0.708,0.408,0.267,2.18E-05,0.104,-12.815,0.0441,147.801,4
861,0.665,0.424,0.644,2.50E-06,0.31,-6.499,0.0344,140.045,4
862,0.306,0.389,0.888,2.43E-06,0.0572,-6.474,0.111,170.447,4
863,0.17,0.339,0.882,6.57E-05,0.0985,-4.85,0.0434,154.202,4
864,0.444,0.46,0.515,0,0.209,-9.473,0.0276,83.809,4
865,0.549,0.534,0.558,0,0.123,-6.523,0.0258,140.693,4
866,0.55,0.783,0.831,0.000308,0.124,-6.525,0.0335,126.062,4
867,0.79,0.574,0.486,1.31E-05,0.102,-9.074,0.0444,90.039,4
868,0.343,0.357,0.706,0.00208,0.307,-5.878,0.0302,154.684,4
869,0.00657,0.575,0.923,0,0.0952,-4.448,0.048,130.268,4
870,0.287,0.684,0.874,0.00351,0.167,-6.098,0.0342,105.883,4
871,0.154,0.67,0.905,0.000458,0.399,-5.142,0.0431,90.782,4
872,0.298,0.541,0.708,5.69E-06,0.0901,-6.21,0.0532,167.942,4
873,0.426,0.7,0.784,2.38E-05,0.323,-5.873,0.0341,134.184,4
874,0.00653,0.589,0.806,0.0018,0.381,-5.813,0.028,138.069,4
875,0.24,0.538,0.905,6.12E-06,0.223,-5.858,0.0592,86.424,4
876,0.0644,0.432,0.966,5.19E-06,0.228,-5.075,0.0832,178.851,4
877,0.0536,0.594,0.858,0,0.195,-5.982,0.0267,130.058,4
878,0.306,0.695,0.858,0,0.444,-4.973,0.0326,128.13,4
879,0.0877,0.387,0.956,0.00184,0.144,-5.476,0.154,188.242,4
880,0.0799,0.336,0.85,1.12E-05,0.152,-6.174,0.0579,168.801,4
881,0.0135,0.516,0.946,8.88E-06,0.332,-4.128,0.0422,127.431,4
882,0.111,0.722,0.93,0.000134,0.107,-4.903,0.0529,94.808,4
883,0.304,0.564,0.907,1.28E-05,0.923,-8.531,0.0453,135.785,4
884,0.225,0.635,0.755,0,0.788,-7.536,0.0313,126.901,4
885,0.269,0.587,0.855,0,0.688,-7.274,0.0296,139.27,4
886,0.441,0.567,0.87,0,0.693,-7.986,0.0322,140.915,4
887,0.414,0.47,0.731,0,0.915,-9.908,0.043,137.052,4
888,0.159,0.536,0.73,0,0.349,-7.788,0.0297,127.427,4
889,0.702,0.683,0.61,2.12E-05,0.57,-8.616,0.0257,111.665,4
890,0.896,0.415,0.386,0,0.697,-9.974,0.0306,113.117,3
891,0.271,0.623,0.674,9.99E-06,0.659,-11.729,0.0375,99.047,4
892,0.24,0.682,0.654,0.00108,0.547,-9.555,0.0522,128.231,4
893,0.0996,0.537,0.856,0.0109,0.839,-8.382,0.0357,120.66,4
894,0.00544,0.443,0.918,1.47E-05,0.814,-7.413,0.0474,146.809,4
895,0.42,0.601,0.44,0.0006,0.707,-9.736,0.0293,109.757,3
896,0.298,0.489,0.36,2.58E-05,0.67,-11.328,0.032,135.565,4
897,0.696,0.506,0.743,0,0.603,-9.035,0.0927,175.072,4
898,0.0465,0.315,0.942,0,0.901,-6.566,0.134,182.851,4
899,0.2,0.526,0.843,0.00149,0.619,-8.847,0.0378,156.981,4
900,0.135,0.57,0.844,2.79E-06,0.83,-8.406,0.0303,140.543,4
901,0.0853,0.507,0.843,1.94E-06,0.777,-7.715,0.0485,144.566,4
902,0.0741,0.6,0.704,0,0.118,-7.442,0.123,145.459,4
903,0.187,0.581,0.557,0,0.132,-5.835,0.0269,147.932,4
904,0.0112,0.655,0.579,7.49E-06,0.235,-5.801,0.0322,108.968,4
905,0.177,0.616,0.708,0,0.124,-6.39,0.0354,81.362,4
906,0.27,0.733,0.634,1.53E-05,0.343,-8.002,0.0276,119.021,4
907,0.00102,0.502,0.896,6.04E-05,0.28,-5.94,0.0496,107.937,4
908,0.837,0.485,0.386,0,0.207,-9.189,0.0388,91.615,4
909,0.0271,0.494,0.658,0,0.0849,-5.75,0.0264,148.085,4
910,0.119,0.692,0.885,0,0.224,-4.912,0.0307,124.925,4
911,0.0961,0.681,0.765,0,0.227,-5.823,0.0269,105.99,4
912,0.00376,0.753,0.65,4.60E-05,0.117,-6.853,0.0271,97.996,4
913,0.266,0.583,0.442,1.51E-06,0.106,-11.137,0.043,135.89,4
914,0.242,0.424,0.894,0,0.98,-5.851,0.0612,120.699,4
915,0.379,0.484,0.867,0,0.557,-6.404,0.0393,136.86,4
916,0.31,0.366,0.867,0,0.829,-5.651,0.0541,169.316,4
917,0.327,0.523,0.828,0,0.81,-6.216,0.0794,89.58,4
918,0.428,0.368,0.766,5.63E-06,0.704,-6.331,0.0865,181.743,4
919,0.46,0.467,0.694,0,0.747,-6.637,0.0304,91.008,4
920,0.523,0.401,0.651,0,0.679,-7.287,0.0558,80.394,4
921,0.817,0.539,0.317,0.000968,0.688,-12.149,0.042,109.931,3
922,0.341,0.483,0.78,3.53E-05,0.698,-8.309,0.0563,172.225,4
923,0.135,0.613,0.714,0,0.0792,-6.894,0.0343,100.024,4
924,0.605,0.586,0.853,0,0.733,-6.65,0.0381,131.002,4
925,0.553,0.501,0.632,0,0.687,-7.274,0.0338,148.335,4
926,0.148,0.561,0.849,0,0.825,-6.335,0.0495,131.141,4
927,0.234,0.678,0.846,0,0.601,-5.821,0.0498,132.801,4
928,0.267,0.604,0.9,0,0.949,-5.638,0.0751,131.734,4
929,0.285,0.504,0.876,0,0.741,-6.229,0.0523,101.312,4
930,0.658,0.438,0.519,0,0.731,-9.367,0.062,150.662,4
931,0.178,0.385,0.824,0,0.756,-6.891,0.0524,177.73,4
932,0.000467,0.587,0.852,0.00186,0.102,-7.248,0.0303,134.294,4
933,0.0032,0.419,0.758,5.12E-06,0.301,-6.415,0.0294,126.535,4
934,0.00821,0.487,0.799,0.000359,0.264,-6.628,0.0402,84.024,4
935,0.155,0.57,0.831,0,0.777,-6.346,0.0404,131.123,4
936,0.546,0.62,0.625,1.78E-06,0.26,-6.949,0.0283,75.999,4
937,0.0399,0.698,0.681,7.04E-05,0.125,-8.981,0.0279,124.122,4
938,0.25,0.686,0.801,0.00031,0.325,-6.34,0.0338,118.005,4
939,0.0437,0.703,0.765,0,0.451,-4.39,0.0323,120.016,4
940,0.269,0.789,0.644,0,0.0844,-7.008,0.0275,110.165,4
941,0.975,0.458,0.242,2.04E-06,0.54,-9.813,0.0318,110.307,5
942,0.525,0.326,0.589,0,0.978,-7.508,0.0374,168.728,4
943,0.00115,0.394,0.937,0.000123,0.967,-5.435,0.0483,141.176,4
944,0.355,0.329,0.8,1.82E-05,0.746,-4.868,0.0314,88.157,4
945,0.000957,0.231,0.914,0.0043,0.691,-5.827,0.0458,166.278,4
946,0.63,0.429,0.531,0,0.767,-9.286,0.0578,152.776,4
947,0.00375,0.307,0.984,0.00917,0.687,-4.554,0.0488,89.08,4
948,0.427,0.47,0.74,5.35E-06,0.656,-6.247,0.0468,120.409,5
949,0.701,0.638,0.905,0,0.309,-6.978,0.045,87.512,4
950,0.00119,0.336,0.872,0.00107,0.61,-6.288,0.0367,150.983,4
951,0.579,0.589,0.855,0,0.785,-6.602,0.0372,130.947,4
952,0.00707,0.382,0.975,0.00111,0.715,-4.399,0.0706,121.221,4
953,0.562,0.515,0.624,0,0.584,-7.18,0.0322,148.742,4
954,0.00666,0.423,0.921,0.000151,0.954,-5.227,0.0562,90.166,4
955,0.329,0.483,0.771,1.20E-05,0.889,-8.21,0.0514,170.331,4
956,0.524,0.513,0.531,0,0.943,-8.585,0.0391,79.412,4
957,0.337,0.567,0.413,5.45E-06,0.114,-7.739,0.0258,74.113,4
958,0.245,0.688,0.798,0.00022,0.313,-6.251,0.0336,118.007,4
959,0.503,0.62,0.638,0,0.261,-6.928,0.0283,76.022,4
960,0.0376,0.699,0.766,0,0.495,-4.346,0.0333,120.008,4
961,0.637,0.383,0.492,2.62E-06,0.191,-7.327,0.028,89.515,4
962,0.0968,0.626,0.847,0,0.333,-5.123,0.0659,88.94,4
963,0.976,0.476,0.243,2.09E-06,0.764,-9.804,0.0308,108.37,5
964,0.139,0.187,0.507,0.000393,0.137,-7.443,0.03,179.889,3
965,0.358,0.41,0.685,0.000746,0.116,-7.803,0.0404,79.451,4
966,0.502,0.389,0.545,0,0.26,-7.899,0.0312,72.595,4
967,0.257,0.713,0.788,0,0.145,-4.771,0.0292,119.953,4
968,0.176,0.236,3.25E-05,0.0155,0.137,-8.39,0.0836,216.922,4
969,0.156,0.247,0.674,0.76,0.739,-13.675,0.166,85.344,4
970,0.00831,0.4,0.973,0,0.631,-4.676,0.0697,154.687,4
971,0.00904,0.49,0.868,0.00369,0.727,-5.56,0.0323,142.642,4
972,0.00188,0.331,0.888,0.00134,0.777,-5.998,0.0412,151.389,4
973,0.00265,0.42,0.785,1.56E-05,0.727,-6.563,0.0306,125.949,4
974,0.000298,0.233,0.928,0.00666,0.949,-5.24,0.0425,178.795,4
975,0.375,0.304,0.791,1.73E-05,0.725,-4.995,0.0336,86.255,4
976,0.00341,0.35,0.981,0.0175,0.739,-4.674,0.0512,179.886,4
977,0.00704,0.505,0.974,0.00197,0.894,-4.638,0.0593,121.042,4
978,0.174,0.577,0.915,2.94E-06,0.696,-4.881,0.0301,129.867,4
979,0.00728,0.466,0.925,0.000278,0.982,-5.326,0.0481,90.327,4
980,0.785,0.281,0.645,1.80E-05,0.676,-7.802,0.0296,85.645,4
981,0.855,0.624,0.406,0,0.164,-11.465,0.0398,84.867,4
982,0.0452,0.301,0.723,0,0.71,-6.077,0.0344,83.373,4
983,0.000754,0.229,0.909,0.00302,0.727,-5.963,0.0473,167.89,4
984,0.0641,0.58,0.861,0.000144,0.936,-6.706,0.0325,89.684,4
985,0.00113,0.392,0.939,0.000158,0.789,-5.599,0.0481,141.143,4
986,0.0306,0.318,0.606,0,0.0645,-7.002,0.0322,121.28,4
987,0.000337,0.591,0.858,0.000745,0.189,-7.229,0.0314,134.327,4
988,0.125,0.647,0.702,2.66E-05,0.108,-8.029,0.0519,90.252,4
989,0.0382,0.698,0.682,8.63E-05,0.124,-9.059,0.0277,124.117,4
990,0.398,0.459,0.493,0.00111,0.248,-8.893,0.0283,132.761,4
991,0.0129,0.602,0.659,0.11,0.0925,-6.854,0.0287,112.094,4
992,0.0542,0.564,0.555,0.00501,0.252,-9.871,0.0286,73.114,4
993,0.251,0.789,0.647,0,0.0834,-7.041,0.0277,110.196,4
994,0.112,0.694,0.466,0.00731,0.109,-8.633,0.0321,148.239,4
995,0.205,0.611,0.867,0.000114,0.39,-6.885,0.0554,168.437,4
996,0.00835,0.481,0.82,0.000286,0.281,-6.788,0.0423,84.086,4
997,0.33,0.333,0.466,0.00222,0.404,-10.057,0.0314,63.576,3
998,0.0356,0.359,0.78,0,0.34,-7.189,0.0514,168.38,4
999,0.0877,0.387,0.956,0.00184,0.144,-5.476,0.154,188.242,4
1000,0.083,0.483,0.789,0.00393,0.079,-6.865,0.0475,123.753,4
